path,label
C:\RIT\GA\BIV-Priv-Seg\BIV-Priv-Seg\331.jpeg,0
C:\RIT\GA\BIV-Priv-Seg\BIV-Priv-Seg\789.jpeg,1
C:\RIT\GA\BIV-Priv-Seg\BIV-Priv-Seg\731.jpeg,0
C:\RIT\GA\BIV-Priv-Seg\BIV-Priv-Seg\602.jpeg,1
C:\RIT\GA\BIV-Priv-Seg\BIV-Priv-Seg\520.jpeg,1
C:\RIT\GA\BIV-Priv-Seg\BIV-Priv-Seg\588.jpeg,1
C:\RIT\GA\BIV-Priv-Seg\BIV-Priv-Seg\930.jpeg,1
C:\RIT\GA\BIV-Priv-Seg\BIV-Priv-Seg\472.jpeg,1
C:\RIT\GA\BIV-Priv-Seg\BIV-Priv-Seg\82.jpeg,0
C:\RIT\GA\BIV-Priv-Seg\BIV-Priv-Seg\115.jpeg,0
C:\RIT\GA\BIV-Priv-Seg\BIV-Priv-Seg\824.jpeg,0
C:\RIT\GA\BIV-Priv-Seg\BIV-Priv-Seg\1044.jpeg,0
C:\RIT\GA\BIV-Priv-Seg\BIV-Priv-Seg\222.jpeg,0
C:\RIT\GA\BIV-Priv-Seg\BIV-Priv-Seg\591.jpeg,0
C:\RIT\GA\BIV-Priv-Seg\BIV-Priv-Seg\721.jpeg,0
C:\RIT\GA\BIV-Priv-Seg\BIV-Priv-Seg\651.jpeg,1
C:\RIT\GA\BIV-Priv-Seg\BIV-Priv-Seg\465.jpeg,0
C:\RIT\GA\BIV-Priv-Seg\BIV-Priv-Seg\525.jpeg,1
C:\RIT\GA\BIV-Priv-Seg\BIV-Priv-Seg\893.jpeg,1
C:\RIT\GA\BIV-Priv-Seg\BIV-Priv-Seg\1077.jpeg,0
C:\RIT\GA\BIV-Priv-Seg\BIV-Priv-Seg\718.jpeg,0
C:\RIT\GA\BIV-Priv-Seg\BIV-Priv-Seg\989.jpeg,0
C:\RIT\GA\BIV-Priv-Seg\BIV-Priv-Seg\596.jpeg,1
C:\RIT\GA\BIV-Priv-Seg\BIV-Priv-Seg\389.jpeg,1
C:\RIT\GA\BIV-Priv-Seg\BIV-Priv-Seg\1065.jpeg,1
C:\RIT\GA\BIV-Priv-Seg\BIV-Priv-Seg\451.jpeg,0
C:\RIT\GA\BIV-Priv-Seg\BIV-Priv-Seg\996.jpeg,1
C:\RIT\GA\BIV-Priv-Seg\BIV-Priv-Seg\177.jpeg,0
C:\RIT\GA\BIV-Priv-Seg\BIV-Priv-Seg\856.jpeg,1
C:\RIT\GA\BIV-Priv-Seg\BIV-Priv-Seg\918.jpeg,1
C:\RIT\GA\BIV-Priv-Seg\BIV-Priv-Seg\287.jpeg,0
C:\RIT\GA\BIV-Priv-Seg\BIV-Priv-Seg\523.jpeg,1
C:\RIT\GA\BIV-Priv-Seg\BIV-Priv-Seg\749.jpeg,0
C:\RIT\GA\BIV-Priv-Seg\BIV-Priv-Seg\524.jpeg,1
C:\RIT\GA\BIV-Priv-Seg\BIV-Priv-Seg\1067.jpeg,1
C:\RIT\GA\BIV-Priv-Seg\BIV-Priv-Seg\554.jpeg,0
C:\RIT\GA\BIV-Priv-Seg\BIV-Priv-Seg\948.jpeg,0
C:\RIT\GA\BIV-Priv-Seg\BIV-Priv-Seg\750.jpeg,0
C:\RIT\GA\BIV-Priv-Seg\BIV-Priv-Seg\569.jpeg,0
C:\RIT\GA\BIV-Priv-Seg\BIV-Priv-Seg\443.jpeg,0
C:\RIT\GA\BIV-Priv-Seg\BIV-Priv-Seg\610.jpeg,0
C:\RIT\GA\BIV-Priv-Seg\BIV-Priv-Seg\245.jpeg,1
C:\RIT\GA\BIV-Priv-Seg\BIV-Priv-Seg\71.jpeg,1
C:\RIT\GA\BIV-Priv-Seg\BIV-Priv-Seg\813.jpeg,0
C:\RIT\GA\BIV-Priv-Seg\BIV-Priv-Seg\783.jpeg,0
C:\RIT\GA\BIV-Priv-Seg\BIV-Priv-Seg\124.jpeg,1
C:\RIT\GA\BIV-Priv-Seg\BIV-Priv-Seg\43.jpeg,1
C:\RIT\GA\BIV-Priv-Seg\BIV-Priv-Seg\544.jpeg,1
C:\RIT\GA\BIV-Priv-Seg\BIV-Priv-Seg\143.jpeg,0
C:\RIT\GA\BIV-Priv-Seg\BIV-Priv-Seg\828.jpeg,1
C:\RIT\GA\BIV-Priv-Seg\BIV-Priv-Seg\1057.jpeg,0
C:\RIT\GA\BIV-Priv-Seg\BIV-Priv-Seg\595.jpeg,1
C:\RIT\GA\BIV-Priv-Seg\BIV-Priv-Seg\140.jpeg,1
C:\RIT\GA\BIV-Priv-Seg\BIV-Priv-Seg\954.jpeg,0
C:\RIT\GA\BIV-Priv-Seg\BIV-Priv-Seg\822.jpeg,1
C:\RIT\GA\BIV-Priv-Seg\BIV-Priv-Seg\564.jpeg,0
C:\RIT\GA\BIV-Priv-Seg\BIV-Priv-Seg\459.jpeg,1
C:\RIT\GA\BIV-Priv-Seg\BIV-Priv-Seg\766.jpeg,0
C:\RIT\GA\BIV-Priv-Seg\BIV-Priv-Seg\302.jpeg,0
C:\RIT\GA\BIV-Priv-Seg\BIV-Priv-Seg\132.jpeg,1
C:\RIT\GA\BIV-Priv-Seg\BIV-Priv-Seg\777.jpeg,0
C:\RIT\GA\BIV-Priv-Seg\BIV-Priv-Seg\780.jpeg,1
C:\RIT\GA\BIV-Priv-Seg\BIV-Priv-Seg\622.jpeg,0
C:\RIT\GA\BIV-Priv-Seg\BIV-Priv-Seg\328.jpeg,1
C:\RIT\GA\BIV-Priv-Seg\BIV-Priv-Seg\149.jpeg,1
C:\RIT\GA\BIV-Priv-Seg\BIV-Priv-Seg\955.jpeg,1
C:\RIT\GA\BIV-Priv-Seg\BIV-Priv-Seg\433.jpeg,1
C:\RIT\GA\BIV-Priv-Seg\BIV-Priv-Seg\1042.jpeg,0
C:\RIT\GA\BIV-Priv-Seg\BIV-Priv-Seg\937.jpeg,0
C:\RIT\GA\BIV-Priv-Seg\BIV-Priv-Seg\242.jpeg,1
C:\RIT\GA\BIV-Priv-Seg\BIV-Priv-Seg\426.jpeg,0
C:\RIT\GA\BIV-Priv-Seg\BIV-Priv-Seg\338.jpeg,0
C:\RIT\GA\BIV-Priv-Seg\BIV-Priv-Seg\925.jpeg,0
C:\RIT\GA\BIV-Priv-Seg\BIV-Priv-Seg\579.jpeg,1
C:\RIT\GA\BIV-Priv-Seg\BIV-Priv-Seg\138.jpeg,1
C:\RIT\GA\BIV-Priv-Seg\BIV-Priv-Seg\882.jpeg,0
C:\RIT\GA\BIV-Priv-Seg\BIV-Priv-Seg\629.jpeg,1
C:\RIT\GA\BIV-Priv-Seg\BIV-Priv-Seg\623.jpeg,0
C:\RIT\GA\BIV-Priv-Seg\BIV-Priv-Seg\125.jpeg,1
C:\RIT\GA\BIV-Priv-Seg\BIV-Priv-Seg\855.jpeg,1
C:\RIT\GA\BIV-Priv-Seg\BIV-Priv-Seg\44.jpeg,1
C:\RIT\GA\BIV-Priv-Seg\BIV-Priv-Seg\873.jpeg,0
C:\RIT\GA\BIV-Priv-Seg\BIV-Priv-Seg\1076.jpeg,1
C:\RIT\GA\BIV-Priv-Seg\BIV-Priv-Seg\867.jpeg,1
C:\RIT\GA\BIV-Priv-Seg\BIV-Priv-Seg\244.jpeg,0
C:\RIT\GA\BIV-Priv-Seg\BIV-Priv-Seg\4.jpeg,1
C:\RIT\GA\BIV-Priv-Seg\BIV-Priv-Seg\698.jpeg,1
C:\RIT\GA\BIV-Priv-Seg\BIV-Priv-Seg\998.jpeg,0
C:\RIT\GA\BIV-Priv-Seg\BIV-Priv-Seg\278.jpeg,0
C:\RIT\GA\BIV-Priv-Seg\BIV-Priv-Seg\1095.jpeg,0
C:\RIT\GA\BIV-Priv-Seg\BIV-Priv-Seg\619.jpeg,1
C:\RIT\GA\BIV-Priv-Seg\BIV-Priv-Seg\878.jpeg,0
C:\RIT\GA\BIV-Priv-Seg\BIV-Priv-Seg\561.jpeg,0
C:\RIT\GA\BIV-Priv-Seg\BIV-Priv-Seg\753.jpeg,1
C:\RIT\GA\BIV-Priv-Seg\BIV-Priv-Seg\834.jpeg,0
C:\RIT\GA\BIV-Priv-Seg\BIV-Priv-Seg\514.jpeg,0
C:\RIT\GA\BIV-Priv-Seg\BIV-Priv-Seg\805.jpeg,1
C:\RIT\GA\BIV-Priv-Seg\BIV-Priv-Seg\1006.jpeg,0
C:\RIT\GA\BIV-Priv-Seg\BIV-Priv-Seg\687.jpeg,0
C:\RIT\GA\BIV-Priv-Seg\BIV-Priv-Seg\611.jpeg,0
C:\RIT\GA\BIV-Priv-Seg\BIV-Priv-Seg\405.jpeg,1
C:\RIT\GA\BIV-Priv-Seg\BIV-Priv-Seg\317.jpeg,1
C:\RIT\GA\BIV-Priv-Seg\BIV-Priv-Seg\997.jpeg,0
C:\RIT\GA\BIV-Priv-Seg\BIV-Priv-Seg\226.jpeg,1
C:\RIT\GA\BIV-Priv-Seg\BIV-Priv-Seg\838.jpeg,0
C:\RIT\GA\BIV-Priv-Seg\BIV-Priv-Seg\114.jpeg,1
C:\RIT\GA\BIV-Priv-Seg\BIV-Priv-Seg\131.jpeg,0
C:\RIT\GA\BIV-Priv-Seg\BIV-Priv-Seg\1087.jpeg,1
C:\RIT\GA\BIV-Priv-Seg\BIV-Priv-Seg\585.jpeg,0
C:\RIT\GA\BIV-Priv-Seg\BIV-Priv-Seg\874.jpeg,0
C:\RIT\GA\BIV-Priv-Seg\BIV-Priv-Seg\772.jpeg,1
C:\RIT\GA\BIV-Priv-Seg\BIV-Priv-Seg\648.jpeg,1
C:\RIT\GA\BIV-Priv-Seg\BIV-Priv-Seg\300.jpeg,1
C:\RIT\GA\BIV-Priv-Seg\BIV-Priv-Seg\540.jpeg,1
C:\RIT\GA\BIV-Priv-Seg\BIV-Priv-Seg\454.jpeg,0
C:\RIT\GA\BIV-Priv-Seg\BIV-Priv-Seg\37.jpeg,1
C:\RIT\GA\BIV-Priv-Seg\BIV-Priv-Seg\582.jpeg,0
C:\RIT\GA\BIV-Priv-Seg\BIV-Priv-Seg\555.jpeg,0
C:\RIT\GA\BIV-Priv-Seg\BIV-Priv-Seg\691.jpeg,1
C:\RIT\GA\BIV-Priv-Seg\BIV-Priv-Seg\577.jpeg,1
C:\RIT\GA\BIV-Priv-Seg\BIV-Priv-Seg\262.jpeg,0
C:\RIT\GA\BIV-Priv-Seg\BIV-Priv-Seg\1061.jpeg,1
C:\RIT\GA\BIV-Priv-Seg\BIV-Priv-Seg\526.jpeg,1
C:\RIT\GA\BIV-Priv-Seg\BIV-Priv-Seg\916.jpeg,1
C:\RIT\GA\BIV-Priv-Seg\BIV-Priv-Seg\1114.jpeg,0
C:\RIT\GA\BIV-Priv-Seg\BIV-Priv-Seg\460.jpeg,1
C:\RIT\GA\BIV-Priv-Seg\BIV-Priv-Seg\797.jpeg,0
C:\RIT\GA\BIV-Priv-Seg\BIV-Priv-Seg\1111.jpeg,0
C:\RIT\GA\BIV-Priv-Seg\BIV-Priv-Seg\91.jpeg,0
C:\RIT\GA\BIV-Priv-Seg\BIV-Priv-Seg\983.jpeg,0
C:\RIT\GA\BIV-Priv-Seg\BIV-Priv-Seg\852.jpeg,1
C:\RIT\GA\BIV-Priv-Seg\BIV-Priv-Seg\299.jpeg,0
C:\RIT\GA\BIV-Priv-Seg\BIV-Priv-Seg\549.jpeg,0
C:\RIT\GA\BIV-Priv-Seg\BIV-Priv-Seg\364.jpeg,0
C:\RIT\GA\BIV-Priv-Seg\BIV-Priv-Seg\207.jpeg,0
C:\RIT\GA\BIV-Priv-Seg\BIV-Priv-Seg\886.jpeg,1
C:\RIT\GA\BIV-Priv-Seg\BIV-Priv-Seg\801.jpeg,0
C:\RIT\GA\BIV-Priv-Seg\BIV-Priv-Seg\133.jpeg,1
C:\RIT\GA\BIV-Priv-Seg\BIV-Priv-Seg\581.jpeg,1
C:\RIT\GA\BIV-Priv-Seg\BIV-Priv-Seg\342.jpeg,1
C:\RIT\GA\BIV-Priv-Seg\BIV-Priv-Seg\122.jpeg,0
C:\RIT\GA\BIV-Priv-Seg\BIV-Priv-Seg\461.jpeg,1
C:\RIT\GA\BIV-Priv-Seg\BIV-Priv-Seg\646.jpeg,1
C:\RIT\GA\BIV-Priv-Seg\BIV-Priv-Seg\1069.jpeg,1
C:\RIT\GA\BIV-Priv-Seg\BIV-Priv-Seg\1146.jpeg,1
C:\RIT\GA\BIV-Priv-Seg\BIV-Priv-Seg\1133.jpeg,0
C:\RIT\GA\BIV-Priv-Seg\BIV-Priv-Seg\69.jpeg,0
C:\RIT\GA\BIV-Priv-Seg\BIV-Priv-Seg\440.jpeg,0
C:\RIT\GA\BIV-Priv-Seg\BIV-Priv-Seg\671.jpeg,0
C:\RIT\GA\BIV-Priv-Seg\BIV-Priv-Seg\844.jpeg,0
C:\RIT\GA\BIV-Priv-Seg\BIV-Priv-Seg\933.jpeg,1
C:\RIT\GA\BIV-Priv-Seg\BIV-Priv-Seg\890.jpeg,1
C:\RIT\GA\BIV-Priv-Seg\BIV-Priv-Seg\135.jpeg,0
C:\RIT\GA\BIV-Priv-Seg\BIV-Priv-Seg\314.jpeg,1
C:\RIT\GA\BIV-Priv-Seg\BIV-Priv-Seg\572.jpeg,1
C:\RIT\GA\BIV-Priv-Seg\BIV-Priv-Seg\841.jpeg,1
C:\RIT\GA\BIV-Priv-Seg\BIV-Priv-Seg\415.jpeg,1
C:\RIT\GA\BIV-Priv-Seg\BIV-Priv-Seg\436.jpeg,1
C:\RIT\GA\BIV-Priv-Seg\BIV-Priv-Seg\728.jpeg,1
C:\RIT\GA\BIV-Priv-Seg\BIV-Priv-Seg\1056.jpeg,0
C:\RIT\GA\BIV-Priv-Seg\BIV-Priv-Seg\786.jpeg,1
C:\RIT\GA\BIV-Priv-Seg\BIV-Priv-Seg\84.jpeg,1
C:\RIT\GA\BIV-Priv-Seg\BIV-Priv-Seg\1002.jpeg,1
C:\RIT\GA\BIV-Priv-Seg\BIV-Priv-Seg\703.jpeg,0
C:\RIT\GA\BIV-Priv-Seg\BIV-Priv-Seg\446.jpeg,0
C:\RIT\GA\BIV-Priv-Seg\BIV-Priv-Seg\607.jpeg,1
C:\RIT\GA\BIV-Priv-Seg\BIV-Priv-Seg\1001.jpeg,1
C:\RIT\GA\BIV-Priv-Seg\BIV-Priv-Seg\522.jpeg,0
C:\RIT\GA\BIV-Priv-Seg\BIV-Priv-Seg\799.jpeg,0
C:\RIT\GA\BIV-Priv-Seg\BIV-Priv-Seg\290.jpeg,0
C:\RIT\GA\BIV-Priv-Seg\BIV-Priv-Seg\1080.jpeg,0
C:\RIT\GA\BIV-Priv-Seg\BIV-Priv-Seg\243.jpeg,1
C:\RIT\GA\BIV-Priv-Seg\BIV-Priv-Seg\1108.jpeg,1
C:\RIT\GA\BIV-Priv-Seg\BIV-Priv-Seg\871.jpeg,1
C:\RIT\GA\BIV-Priv-Seg\BIV-Priv-Seg\435.jpeg,0
C:\RIT\GA\BIV-Priv-Seg\BIV-Priv-Seg\393.jpeg,1
C:\RIT\GA\BIV-Priv-Seg\BIV-Priv-Seg\420.jpeg,0
C:\RIT\GA\BIV-Priv-Seg\BIV-Priv-Seg\55.jpeg,0
C:\RIT\GA\BIV-Priv-Seg\BIV-Priv-Seg\809.jpeg,0
C:\RIT\GA\BIV-Priv-Seg\BIV-Priv-Seg\825.jpeg,0
C:\RIT\GA\BIV-Priv-Seg\BIV-Priv-Seg\450.jpeg,1
C:\RIT\GA\BIV-Priv-Seg\BIV-Priv-Seg\891.jpeg,0
C:\RIT\GA\BIV-Priv-Seg\BIV-Priv-Seg\72.jpeg,0
C:\RIT\GA\BIV-Priv-Seg\BIV-Priv-Seg\738.jpeg,0
C:\RIT\GA\BIV-Priv-Seg\BIV-Priv-Seg\346.jpeg,0
C:\RIT\GA\BIV-Priv-Seg\BIV-Priv-Seg\430.jpeg,1
C:\RIT\GA\BIV-Priv-Seg\BIV-Priv-Seg\682.jpeg,1
C:\RIT\GA\BIV-Priv-Seg\BIV-Priv-Seg\127.jpeg,1
C:\RIT\GA\BIV-Priv-Seg\BIV-Priv-Seg\953.jpeg,1
C:\RIT\GA\BIV-Priv-Seg\BIV-Priv-Seg\211.jpeg,1
C:\RIT\GA\BIV-Priv-Seg\BIV-Priv-Seg\991.jpeg,1
C:\RIT\GA\BIV-Priv-Seg\BIV-Priv-Seg\59.jpeg,1
C:\RIT\GA\BIV-Priv-Seg\BIV-Priv-Seg\889.jpeg,1
C:\RIT\GA\BIV-Priv-Seg\BIV-Priv-Seg\86.jpeg,1
C:\RIT\GA\BIV-Priv-Seg\BIV-Priv-Seg\939.jpeg,1
C:\RIT\GA\BIV-Priv-Seg\BIV-Priv-Seg\260.jpeg,0
C:\RIT\GA\BIV-Priv-Seg\BIV-Priv-Seg\641.jpeg,1
C:\RIT\GA\BIV-Priv-Seg\BIV-Priv-Seg\395.jpeg,1
C:\RIT\GA\BIV-Priv-Seg\BIV-Priv-Seg\788.jpeg,0
C:\RIT\GA\BIV-Priv-Seg\BIV-Priv-Seg\528.jpeg,1
C:\RIT\GA\BIV-Priv-Seg\BIV-Priv-Seg\272.jpeg,0
C:\RIT\GA\BIV-Priv-Seg\BIV-Priv-Seg\166.jpeg,1
C:\RIT\GA\BIV-Priv-Seg\BIV-Priv-Seg\830.jpeg,1
C:\RIT\GA\BIV-Priv-Seg\BIV-Priv-Seg\5.jpeg,1
C:\RIT\GA\BIV-Priv-Seg\BIV-Priv-Seg\746.jpeg,0
C:\RIT\GA\BIV-Priv-Seg\BIV-Priv-Seg\26.jpeg,1
C:\RIT\GA\BIV-Priv-Seg\BIV-Priv-Seg\229.jpeg,1
C:\RIT\GA\BIV-Priv-Seg\BIV-Priv-Seg\50.jpeg,0
C:\RIT\GA\BIV-Priv-Seg\BIV-Priv-Seg\1043.jpeg,0
C:\RIT\GA\BIV-Priv-Seg\BIV-Priv-Seg\148.jpeg,1
C:\RIT\GA\BIV-Priv-Seg\BIV-Priv-Seg\363.jpeg,0
C:\RIT\GA\BIV-Priv-Seg\BIV-Priv-Seg\951.jpeg,0
C:\RIT\GA\BIV-Priv-Seg\BIV-Priv-Seg\141.jpeg,1
C:\RIT\GA\BIV-Priv-Seg\BIV-Priv-Seg\1008.jpeg,1
C:\RIT\GA\BIV-Priv-Seg\BIV-Priv-Seg\386.jpeg,1
C:\RIT\GA\BIV-Priv-Seg\BIV-Priv-Seg\884.jpeg,0
C:\RIT\GA\BIV-Priv-Seg\BIV-Priv-Seg\1082.jpeg,1
C:\RIT\GA\BIV-Priv-Seg\BIV-Priv-Seg\391.jpeg,1
C:\RIT\GA\BIV-Priv-Seg\BIV-Priv-Seg\914.jpeg,1
C:\RIT\GA\BIV-Priv-Seg\BIV-Priv-Seg\378.jpeg,1
C:\RIT\GA\BIV-Priv-Seg\BIV-Priv-Seg\235.jpeg,1
C:\RIT\GA\BIV-Priv-Seg\BIV-Priv-Seg\584.jpeg,1
C:\RIT\GA\BIV-Priv-Seg\BIV-Priv-Seg\537.jpeg,1
C:\RIT\GA\BIV-Priv-Seg\BIV-Priv-Seg\593.jpeg,0
C:\RIT\GA\BIV-Priv-Seg\BIV-Priv-Seg\1110.jpeg,1
C:\RIT\GA\BIV-Priv-Seg\BIV-Priv-Seg\927.jpeg,0
C:\RIT\GA\BIV-Priv-Seg\BIV-Priv-Seg\293.jpeg,0
C:\RIT\GA\BIV-Priv-Seg\BIV-Priv-Seg\902.jpeg,1
C:\RIT\GA\BIV-Priv-Seg\BIV-Priv-Seg\339.jpeg,0
C:\RIT\GA\BIV-Priv-Seg\BIV-Priv-Seg\807.jpeg,1
C:\RIT\GA\BIV-Priv-Seg\BIV-Priv-Seg\1009.jpeg,1
C:\RIT\GA\BIV-Priv-Seg\BIV-Priv-Seg\543.jpeg,1
C:\RIT\GA\BIV-Priv-Seg\BIV-Priv-Seg\536.jpeg,1
C:\RIT\GA\BIV-Priv-Seg\BIV-Priv-Seg\845.jpeg,1
C:\RIT\GA\BIV-Priv-Seg\BIV-Priv-Seg\19.jpeg,1
C:\RIT\GA\BIV-Priv-Seg\BIV-Priv-Seg\240.jpeg,1
C:\RIT\GA\BIV-Priv-Seg\BIV-Priv-Seg\1.jpeg,1
C:\RIT\GA\BIV-Priv-Seg\BIV-Priv-Seg\729.jpeg,0
C:\RIT\GA\BIV-Priv-Seg\BIV-Priv-Seg\665.jpeg,0
C:\RIT\GA\BIV-Priv-Seg\BIV-Priv-Seg\506.jpeg,1
C:\RIT\GA\BIV-Priv-Seg\BIV-Priv-Seg\606.jpeg,1
C:\RIT\GA\BIV-Priv-Seg\BIV-Priv-Seg\594.jpeg,0
C:\RIT\GA\BIV-Priv-Seg\BIV-Priv-Seg\638.jpeg,0
C:\RIT\GA\BIV-Priv-Seg\BIV-Priv-Seg\246.jpeg,1
C:\RIT\GA\BIV-Priv-Seg\BIV-Priv-Seg\0.jpeg,1
C:\RIT\GA\BIV-Priv-Seg\BIV-Priv-Seg\803.jpeg,1
C:\RIT\GA\BIV-Priv-Seg\BIV-Priv-Seg\336.jpeg,0
C:\RIT\GA\BIV-Priv-Seg\BIV-Priv-Seg\861.jpeg,1
C:\RIT\GA\BIV-Priv-Seg\BIV-Priv-Seg\56.jpeg,0
C:\RIT\GA\BIV-Priv-Seg\BIV-Priv-Seg\1079.jpeg,1
C:\RIT\GA\BIV-Priv-Seg\BIV-Priv-Seg\80.jpeg,0
C:\RIT\GA\BIV-Priv-Seg\BIV-Priv-Seg\36.jpeg,1
C:\RIT\GA\BIV-Priv-Seg\BIV-Priv-Seg\160.jpeg,0
C:\RIT\GA\BIV-Priv-Seg\BIV-Priv-Seg\31.jpeg,0
C:\RIT\GA\BIV-Priv-Seg\BIV-Priv-Seg\187.jpeg,1
C:\RIT\GA\BIV-Priv-Seg\BIV-Priv-Seg\54.jpeg,0
C:\RIT\GA\BIV-Priv-Seg\BIV-Priv-Seg\559.jpeg,1
C:\RIT\GA\BIV-Priv-Seg\BIV-Priv-Seg\632.jpeg,1
C:\RIT\GA\BIV-Priv-Seg\BIV-Priv-Seg\779.jpeg,1
C:\RIT\GA\BIV-Priv-Seg\BIV-Priv-Seg\759.jpeg,1
C:\RIT\GA\BIV-Priv-Seg\BIV-Priv-Seg\511.jpeg,1
C:\RIT\GA\BIV-Priv-Seg\BIV-Priv-Seg\547.jpeg,0
C:\RIT\GA\BIV-Priv-Seg\BIV-Priv-Seg\455.jpeg,0
C:\RIT\GA\BIV-Priv-Seg\BIV-Priv-Seg\714.jpeg,0
C:\RIT\GA\BIV-Priv-Seg\BIV-Priv-Seg\1144.jpeg,1
C:\RIT\GA\BIV-Priv-Seg\BIV-Priv-Seg\263.jpeg,0
C:\RIT\GA\BIV-Priv-Seg\BIV-Priv-Seg\513.jpeg,1
C:\RIT\GA\BIV-Priv-Seg\BIV-Priv-Seg\61.jpeg,0
C:\RIT\GA\BIV-Priv-Seg\BIV-Priv-Seg\414.jpeg,1
C:\RIT\GA\BIV-Priv-Seg\BIV-Priv-Seg\800.jpeg,1
C:\RIT\GA\BIV-Priv-Seg\BIV-Priv-Seg\153.jpeg,1
C:\RIT\GA\BIV-Priv-Seg\BIV-Priv-Seg\467.jpeg,1
C:\RIT\GA\BIV-Priv-Seg\BIV-Priv-Seg\929.jpeg,1
C:\RIT\GA\BIV-Priv-Seg\BIV-Priv-Seg\573.jpeg,1
C:\RIT\GA\BIV-Priv-Seg\BIV-Priv-Seg\794.jpeg,0
C:\RIT\GA\BIV-Priv-Seg\BIV-Priv-Seg\334.jpeg,0
C:\RIT\GA\BIV-Priv-Seg\BIV-Priv-Seg\1066.jpeg,1
C:\RIT\GA\BIV-Priv-Seg\BIV-Priv-Seg\1024.jpeg,0
C:\RIT\GA\BIV-Priv-Seg\BIV-Priv-Seg\781.jpeg,1
C:\RIT\GA\BIV-Priv-Seg\BIV-Priv-Seg\988.jpeg,0
C:\RIT\GA\BIV-Priv-Seg\BIV-Priv-Seg\163.jpeg,0
C:\RIT\GA\BIV-Priv-Seg\BIV-Priv-Seg\850.jpeg,0
C:\RIT\GA\BIV-Priv-Seg\BIV-Priv-Seg\326.jpeg,1
C:\RIT\GA\BIV-Priv-Seg\BIV-Priv-Seg\261.jpeg,0
C:\RIT\GA\BIV-Priv-Seg\BIV-Priv-Seg\171.jpeg,1
C:\RIT\GA\BIV-Priv-Seg\BIV-Priv-Seg\448.jpeg,0
C:\RIT\GA\BIV-Priv-Seg\BIV-Priv-Seg\630.jpeg,1
C:\RIT\GA\BIV-Priv-Seg\BIV-Priv-Seg\548.jpeg,0
C:\RIT\GA\BIV-Priv-Seg\BIV-Priv-Seg\551.jpeg,0
C:\RIT\GA\BIV-Priv-Seg\BIV-Priv-Seg\907.jpeg,1
C:\RIT\GA\BIV-Priv-Seg\BIV-Priv-Seg\170.jpeg,0
C:\RIT\GA\BIV-Priv-Seg\BIV-Priv-Seg\145.jpeg,1
C:\RIT\GA\BIV-Priv-Seg\BIV-Priv-Seg\268.jpeg,1
C:\RIT\GA\BIV-Priv-Seg\BIV-Priv-Seg\175.jpeg,1
C:\RIT\GA\BIV-Priv-Seg\BIV-Priv-Seg\787.jpeg,0
C:\RIT\GA\BIV-Priv-Seg\BIV-Priv-Seg\1084.jpeg,1
C:\RIT\GA\BIV-Priv-Seg\BIV-Priv-Seg\126.jpeg,1
C:\RIT\GA\BIV-Priv-Seg\BIV-Priv-Seg\655.jpeg,1
C:\RIT\GA\BIV-Priv-Seg\BIV-Priv-Seg\34.jpeg,0
C:\RIT\GA\BIV-Priv-Seg\BIV-Priv-Seg\128.jpeg,1
C:\RIT\GA\BIV-Priv-Seg\BIV-Priv-Seg\926.jpeg,0
C:\RIT\GA\BIV-Priv-Seg\BIV-Priv-Seg\597.jpeg,0
C:\RIT\GA\BIV-Priv-Seg\BIV-Priv-Seg\1049.jpeg,1
C:\RIT\GA\BIV-Priv-Seg\BIV-Priv-Seg\151.jpeg,1
C:\RIT\GA\BIV-Priv-Seg\BIV-Priv-Seg\1096.jpeg,1
C:\RIT\GA\BIV-Priv-Seg\BIV-Priv-Seg\500.jpeg,0
C:\RIT\GA\BIV-Priv-Seg\BIV-Priv-Seg\288.jpeg,1
C:\RIT\GA\BIV-Priv-Seg\BIV-Priv-Seg\859.jpeg,1
C:\RIT\GA\BIV-Priv-Seg\BIV-Priv-Seg\560.jpeg,0
C:\RIT\GA\BIV-Priv-Seg\BIV-Priv-Seg\449.jpeg,1
C:\RIT\GA\BIV-Priv-Seg\BIV-Priv-Seg\312.jpeg,1
C:\RIT\GA\BIV-Priv-Seg\BIV-Priv-Seg\1074.jpeg,1
C:\RIT\GA\BIV-Priv-Seg\BIV-Priv-Seg\1099.jpeg,0
C:\RIT\GA\BIV-Priv-Seg\BIV-Priv-Seg\934.jpeg,1
C:\RIT\GA\BIV-Priv-Seg\BIV-Priv-Seg\154.jpeg,0
C:\RIT\GA\BIV-Priv-Seg\BIV-Priv-Seg\608.jpeg,1
C:\RIT\GA\BIV-Priv-Seg\BIV-Priv-Seg\636.jpeg,1
C:\RIT\GA\BIV-Priv-Seg\BIV-Priv-Seg\352.jpeg,1
C:\RIT\GA\BIV-Priv-Seg\BIV-Priv-Seg\517.jpeg,1
C:\RIT\GA\BIV-Priv-Seg\BIV-Priv-Seg\438.jpeg,1
C:\RIT\GA\BIV-Priv-Seg\BIV-Priv-Seg\318.jpeg,0
C:\RIT\GA\BIV-Priv-Seg\BIV-Priv-Seg\184.jpeg,1
C:\RIT\GA\BIV-Priv-Seg\BIV-Priv-Seg\347.jpeg,0
C:\RIT\GA\BIV-Priv-Seg\BIV-Priv-Seg\603.jpeg,1
C:\RIT\GA\BIV-Priv-Seg\BIV-Priv-Seg\1121.jpeg,0
C:\RIT\GA\BIV-Priv-Seg\BIV-Priv-Seg\20.jpeg,1
C:\RIT\GA\BIV-Priv-Seg\BIV-Priv-Seg\310.jpeg,0
C:\RIT\GA\BIV-Priv-Seg\BIV-Priv-Seg\275.jpeg,0
C:\RIT\GA\BIV-Priv-Seg\BIV-Priv-Seg\464.jpeg,1
C:\RIT\GA\BIV-Priv-Seg\BIV-Priv-Seg\590.jpeg,1
C:\RIT\GA\BIV-Priv-Seg\BIV-Priv-Seg\311.jpeg,0
C:\RIT\GA\BIV-Priv-Seg\BIV-Priv-Seg\49.jpeg,0
C:\RIT\GA\BIV-Priv-Seg\BIV-Priv-Seg\251.jpeg,1
C:\RIT\GA\BIV-Priv-Seg\BIV-Priv-Seg\29.jpeg,0
C:\RIT\GA\BIV-Priv-Seg\BIV-Priv-Seg\40.jpeg,1
C:\RIT\GA\BIV-Priv-Seg\BIV-Priv-Seg\152.jpeg,0
C:\RIT\GA\BIV-Priv-Seg\BIV-Priv-Seg\232.jpeg,1
C:\RIT\GA\BIV-Priv-Seg\BIV-Priv-Seg\264.jpeg,0
C:\RIT\GA\BIV-Priv-Seg\BIV-Priv-Seg\562.jpeg,0
C:\RIT\GA\BIV-Priv-Seg\BIV-Priv-Seg\994.jpeg,1
C:\RIT\GA\BIV-Priv-Seg\BIV-Priv-Seg\568.jpeg,1
C:\RIT\GA\BIV-Priv-Seg\BIV-Priv-Seg\3.jpeg,1
C:\RIT\GA\BIV-Priv-Seg\BIV-Priv-Seg\60.jpeg,0
C:\RIT\GA\BIV-Priv-Seg\BIV-Priv-Seg\689.jpeg,1
C:\RIT\GA\BIV-Priv-Seg\BIV-Priv-Seg\1063.jpeg,1
C:\RIT\GA\BIV-Priv-Seg\BIV-Priv-Seg\213.jpeg,0
C:\RIT\GA\BIV-Priv-Seg\BIV-Priv-Seg\795.jpeg,0
C:\RIT\GA\BIV-Priv-Seg\BIV-Priv-Seg\826.jpeg,1
C:\RIT\GA\BIV-Priv-Seg\BIV-Priv-Seg\990.jpeg,1
C:\RIT\GA\BIV-Priv-Seg\BIV-Priv-Seg\1078.jpeg,1
C:\RIT\GA\BIV-Priv-Seg\BIV-Priv-Seg\78.jpeg,0
C:\RIT\GA\BIV-Priv-Seg\BIV-Priv-Seg\447.jpeg,1
C:\RIT\GA\BIV-Priv-Seg\BIV-Priv-Seg\21.jpeg,1
C:\RIT\GA\BIV-Priv-Seg\BIV-Priv-Seg\894.jpeg,0
C:\RIT\GA\BIV-Priv-Seg\BIV-Priv-Seg\139.jpeg,1
C:\RIT\GA\BIV-Priv-Seg\BIV-Priv-Seg\599.jpeg,0
C:\RIT\GA\BIV-Priv-Seg\BIV-Priv-Seg\258.jpeg,0
C:\RIT\GA\BIV-Priv-Seg\BIV-Priv-Seg\176.jpeg,1
C:\RIT\GA\BIV-Priv-Seg\BIV-Priv-Seg\624.jpeg,1
C:\RIT\GA\BIV-Priv-Seg\BIV-Priv-Seg\727.jpeg,0
C:\RIT\GA\BIV-Priv-Seg\BIV-Priv-Seg\633.jpeg,0
C:\RIT\GA\BIV-Priv-Seg\BIV-Priv-Seg\681.jpeg,0
C:\RIT\GA\BIV-Priv-Seg\BIV-Priv-Seg\280.jpeg,1
C:\RIT\GA\BIV-Priv-Seg\BIV-Priv-Seg\164.jpeg,0
C:\RIT\GA\BIV-Priv-Seg\BIV-Priv-Seg\167.jpeg,1
C:\RIT\GA\BIV-Priv-Seg\BIV-Priv-Seg\757.jpeg,1
C:\RIT\GA\BIV-Priv-Seg\BIV-Priv-Seg\842.jpeg,0
C:\RIT\GA\BIV-Priv-Seg\BIV-Priv-Seg\255.jpeg,0
C:\RIT\GA\BIV-Priv-Seg\BIV-Priv-Seg\880.jpeg,0
C:\RIT\GA\BIV-Priv-Seg\BIV-Priv-Seg\236.jpeg,0
C:\RIT\GA\BIV-Priv-Seg\BIV-Priv-Seg\1107.jpeg,1
C:\RIT\GA\BIV-Priv-Seg\BIV-Priv-Seg\230.jpeg,1
C:\RIT\GA\BIV-Priv-Seg\BIV-Priv-Seg\986.jpeg,1
C:\RIT\GA\BIV-Priv-Seg\BIV-Priv-Seg\1112.jpeg,0
C:\RIT\GA\BIV-Priv-Seg\BIV-Priv-Seg\509.jpeg,1
C:\RIT\GA\BIV-Priv-Seg\BIV-Priv-Seg\1085.jpeg,0
C:\RIT\GA\BIV-Priv-Seg\BIV-Priv-Seg\631.jpeg,1
C:\RIT\GA\BIV-Priv-Seg\BIV-Priv-Seg\733.jpeg,0
C:\RIT\GA\BIV-Priv-Seg\BIV-Priv-Seg\768.jpeg,0
C:\RIT\GA\BIV-Priv-Seg\BIV-Priv-Seg\553.jpeg,1
C:\RIT\GA\BIV-Priv-Seg\BIV-Priv-Seg\827.jpeg,1
C:\RIT\GA\BIV-Priv-Seg\BIV-Priv-Seg\16.jpeg,0
C:\RIT\GA\BIV-Priv-Seg\BIV-Priv-Seg\589.jpeg,0
C:\RIT\GA\BIV-Priv-Seg\BIV-Priv-Seg\837.jpeg,1
C:\RIT\GA\BIV-Priv-Seg\BIV-Priv-Seg\137.jpeg,0
C:\RIT\GA\BIV-Priv-Seg\BIV-Priv-Seg\820.jpeg,1
C:\RIT\GA\BIV-Priv-Seg\BIV-Priv-Seg\817.jpeg,1
C:\RIT\GA\BIV-Priv-Seg\BIV-Priv-Seg\683.jpeg,1
C:\RIT\GA\BIV-Priv-Seg\BIV-Priv-Seg\686.jpeg,0
C:\RIT\GA\BIV-Priv-Seg\BIV-Priv-Seg\879.jpeg,0
C:\RIT\GA\BIV-Priv-Seg\BIV-Priv-Seg\1094.jpeg,1
C:\RIT\GA\BIV-Priv-Seg\BIV-Priv-Seg\503.jpeg,0
C:\RIT\GA\BIV-Priv-Seg\BIV-Priv-Seg\445.jpeg,1
C:\RIT\GA\BIV-Priv-Seg\BIV-Priv-Seg\204.jpeg,1
C:\RIT\GA\BIV-Priv-Seg\BIV-Priv-Seg\701.jpeg,0
C:\RIT\GA\BIV-Priv-Seg\BIV-Priv-Seg\650.jpeg,0
C:\RIT\GA\BIV-Priv-Seg\BIV-Priv-Seg\818.jpeg,1
C:\RIT\GA\BIV-Priv-Seg\BIV-Priv-Seg\413.jpeg,0
C:\RIT\GA\BIV-Priv-Seg\BIV-Priv-Seg\65.jpeg,1
C:\RIT\GA\BIV-Priv-Seg\BIV-Priv-Seg\1132.jpeg,0
C:\RIT\GA\BIV-Priv-Seg\BIV-Priv-Seg\793.jpeg,0
C:\RIT\GA\BIV-Priv-Seg\BIV-Priv-Seg\277.jpeg,0
C:\RIT\GA\BIV-Priv-Seg\BIV-Priv-Seg\888.jpeg,0
C:\RIT\GA\BIV-Priv-Seg\BIV-Priv-Seg\30.jpeg,1
C:\RIT\GA\BIV-Priv-Seg\BIV-Priv-Seg\380.jpeg,1
C:\RIT\GA\BIV-Priv-Seg\BIV-Priv-Seg\32.jpeg,1
C:\RIT\GA\BIV-Priv-Seg\BIV-Priv-Seg\1156.jpeg,0
C:\RIT\GA\BIV-Priv-Seg\BIV-Priv-Seg\469.jpeg,1
C:\RIT\GA\BIV-Priv-Seg\BIV-Priv-Seg\463.jpeg,0
C:\RIT\GA\BIV-Priv-Seg\BIV-Priv-Seg\639.jpeg,1
C:\RIT\GA\BIV-Priv-Seg\BIV-Priv-Seg\178.jpeg,0
C:\RIT\GA\BIV-Priv-Seg\BIV-Priv-Seg\15.jpeg,1
C:\RIT\GA\BIV-Priv-Seg\BIV-Priv-Seg\1013.jpeg,0
C:\RIT\GA\BIV-Priv-Seg\BIV-Priv-Seg\1143.jpeg,1
C:\RIT\GA\BIV-Priv-Seg\BIV-Priv-Seg\58.jpeg,1
C:\RIT\GA\BIV-Priv-Seg\BIV-Priv-Seg\104.jpeg,1
C:\RIT\GA\BIV-Priv-Seg\BIV-Priv-Seg\534.jpeg,0
C:\RIT\GA\BIV-Priv-Seg\BIV-Priv-Seg\418.jpeg,1
C:\RIT\GA\BIV-Priv-Seg\BIV-Priv-Seg\74.jpeg,0
C:\RIT\GA\BIV-Priv-Seg\BIV-Priv-Seg\702.jpeg,0
C:\RIT\GA\BIV-Priv-Seg\BIV-Priv-Seg\87.jpeg,0
C:\RIT\GA\BIV-Priv-Seg\BIV-Priv-Seg\516.jpeg,0
C:\RIT\GA\BIV-Priv-Seg\BIV-Priv-Seg\684.jpeg,1
C:\RIT\GA\BIV-Priv-Seg\BIV-Priv-Seg\575.jpeg,1
C:\RIT\GA\BIV-Priv-Seg\BIV-Priv-Seg\394.jpeg,1
C:\RIT\GA\BIV-Priv-Seg\BIV-Priv-Seg\1070.jpeg,0
C:\RIT\GA\BIV-Priv-Seg\BIV-Priv-Seg\269.jpeg,0
C:\RIT\GA\BIV-Priv-Seg\BIV-Priv-Seg\609.jpeg,0
C:\RIT\GA\BIV-Priv-Seg\BIV-Priv-Seg\392.jpeg,0
C:\RIT\GA\BIV-Priv-Seg\BIV-Priv-Seg\33.jpeg,0
C:\RIT\GA\BIV-Priv-Seg\BIV-Priv-Seg\79.jpeg,1
C:\RIT\GA\BIV-Priv-Seg\BIV-Priv-Seg\823.jpeg,1
C:\RIT\GA\BIV-Priv-Seg\BIV-Priv-Seg\373.jpeg,1
C:\RIT\GA\BIV-Priv-Seg\BIV-Priv-Seg\1029.jpeg,0
C:\RIT\GA\BIV-Priv-Seg\BIV-Priv-Seg\174.jpeg,0
C:\RIT\GA\BIV-Priv-Seg\BIV-Priv-Seg\195.jpeg,0
C:\RIT\GA\BIV-Priv-Seg\BIV-Priv-Seg\723.jpeg,1
C:\RIT\GA\BIV-Priv-Seg\BIV-Priv-Seg\111.jpeg,0
C:\RIT\GA\BIV-Priv-Seg\BIV-Priv-Seg\382.jpeg,1
C:\RIT\GA\BIV-Priv-Seg\BIV-Priv-Seg\892.jpeg,1
C:\RIT\GA\BIV-Priv-Seg\BIV-Priv-Seg\457.jpeg,1
C:\RIT\GA\BIV-Priv-Seg\BIV-Priv-Seg\742.jpeg,0
C:\RIT\GA\BIV-Priv-Seg\BIV-Priv-Seg\697.jpeg,0
C:\RIT\GA\BIV-Priv-Seg\BIV-Priv-Seg\563.jpeg,0
C:\RIT\GA\BIV-Priv-Seg\BIV-Priv-Seg\814.jpeg,0
C:\RIT\GA\BIV-Priv-Seg\BIV-Priv-Seg\46.jpeg,1
C:\RIT\GA\BIV-Priv-Seg\BIV-Priv-Seg\70.jpeg,1
C:\RIT\GA\BIV-Priv-Seg\BIV-Priv-Seg\383.jpeg,1
C:\RIT\GA\BIV-Priv-Seg\BIV-Priv-Seg\613.jpeg,0
C:\RIT\GA\BIV-Priv-Seg\BIV-Priv-Seg\429.jpeg,0
C:\RIT\GA\BIV-Priv-Seg\BIV-Priv-Seg\762.jpeg,0
C:\RIT\GA\BIV-Priv-Seg\BIV-Priv-Seg\1089.jpeg,0
C:\RIT\GA\BIV-Priv-Seg\BIV-Priv-Seg\694.jpeg,0
C:\RIT\GA\BIV-Priv-Seg\BIV-Priv-Seg\868.jpeg,0
C:\RIT\GA\BIV-Priv-Seg\BIV-Priv-Seg\1012.jpeg,1
C:\RIT\GA\BIV-Priv-Seg\BIV-Priv-Seg\351.jpeg,0
C:\RIT\GA\BIV-Priv-Seg\BIV-Priv-Seg\712.jpeg,0
C:\RIT\GA\BIV-Priv-Seg\BIV-Priv-Seg\1081.jpeg,1
C:\RIT\GA\BIV-Priv-Seg\BIV-Priv-Seg\376.jpeg,1
C:\RIT\GA\BIV-Priv-Seg\BIV-Priv-Seg\1052.jpeg,0
C:\RIT\GA\BIV-Priv-Seg\BIV-Priv-Seg\993.jpeg,1
C:\RIT\GA\BIV-Priv-Seg\BIV-Priv-Seg\18.jpeg,0
C:\RIT\GA\BIV-Priv-Seg\BIV-Priv-Seg\790.jpeg,0
C:\RIT\GA\BIV-Priv-Seg\BIV-Priv-Seg\147.jpeg,1
C:\RIT\GA\BIV-Priv-Seg\BIV-Priv-Seg\964.jpeg,0
C:\RIT\GA\BIV-Priv-Seg\BIV-Priv-Seg\1014.jpeg,1
C:\RIT\GA\BIV-Priv-Seg\BIV-Priv-Seg\396.jpeg,1
C:\RIT\GA\BIV-Priv-Seg\BIV-Priv-Seg\706.jpeg,0
C:\RIT\GA\BIV-Priv-Seg\BIV-Priv-Seg\48.jpeg,1
C:\RIT\GA\BIV-Priv-Seg\BIV-Priv-Seg\854.jpeg,1
C:\RIT\GA\BIV-Priv-Seg\BIV-Priv-Seg\237.jpeg,0
C:\RIT\GA\BIV-Priv-Seg\BIV-Priv-Seg\340.jpeg,1
